{
    "$schema": "https://schema.management.azure.com/schemas/2015-01-01/deploymentParameters.json#",
    "contentVersion": "1.0.0.0",
    "parameters": {
        "virtualMachines_API01_name": {
            "value": null
        },
        "virtualMachines_SQL01_name": {
            "value": null
        },
        "virtualMachines_WEB01_name": {
            "value": null
        },
        "networkInterfaces_api01402_name": {
            "value": null
        },
        "networkInterfaces_sql01679_name": {
            "value": null
        },
        "networkInterfaces_web01858_name": {
            "value": null
        },
        "publicIPAddresses_WEB01_ip_name": {
            "value": null
        },
        "networkSecurityGroups_API01_nsg_name": {
            "value": null
        },
        "networkSecurityGroups_SQL01_nsg_name": {
            "value": null
        },
        "networkSecurityGroups_WEB01_nsg_name": {
            "value": null
        },
        "schedules_shutdown_computevm_web01_name": {
            "value": null
        },
        "schedules_shutdown_computevm_sql01_name": {
            "value": null
        },
        "schedules_shutdown_computevm_api01_name": {
            "value": null
        },
        "storageAccounts_3tierliftandshiftdiag411_name": {
            "value": null
        },
        "virtualNetworks_3TIER_LIFTANDSHIFT_NETWORK_name": {
            "value": null
        },
        "securityRules_Port_80_name": {
            "value": null
        },
        "securityRules_default_allow_rdp_name": {
            "value": null
        },
        "securityRules_default_allow_rdp_name_1": {
            "value": null
        },
        "securityRules_default_allow_rdp_name_2": {
            "value": null
        },
        "subnets_3TIER_LIFTANDSHIFT_WEBAPP_SUBNET_name": {
            "value": null
        },
        "virtualMachines_API01_id": {
            "value": null
        },
        "virtualMachines_SQL01_id": {
            "value": null
        },
        "virtualMachines_SQL01_id_1": {
            "value": null
        },
        "virtualMachines_WEB01_id": {
            "value": null
        }
    }
}