{
    "$schema": "https://schema.management.azure.com/schemas/2015-01-01/deploymentTemplate.json#",
    "contentVersion": "1.0.0.0",
    "parameters": {
        "virtualMachines_API01_name": {
            "defaultValue": "API01",
            "type": "String"
        },
        "virtualMachines_SQL01_name": {
            "defaultValue": "SQL01",
            "type": "String"
        },
        "virtualMachines_WEB01_name": {
            "defaultValue": "WEB01",
            "type": "String"
        },
        "networkInterfaces_api01402_name": {
            "defaultValue": "api01402",
            "type": "String"
        },
        "networkInterfaces_sql01679_name": {
            "defaultValue": "sql01679",
            "type": "String"
        },
        "networkInterfaces_web01858_name": {
            "defaultValue": "web01858",
            "type": "String"
        },
        "publicIPAddresses_WEB01_ip_name": {
            "defaultValue": "WEB01-ip",
            "type": "String"
        },
        "networkSecurityGroups_API01_nsg_name": {
            "defaultValue": "API01-nsg",
            "type": "String"
        },
        "networkSecurityGroups_SQL01_nsg_name": {
            "defaultValue": "SQL01-nsg",
            "type": "String"
        },
        "networkSecurityGroups_WEB01_nsg_name": {
            "defaultValue": "WEB01-nsg",
            "type": "String"
        },
        "schedules_shutdown_computevm_web01_name": {
            "defaultValue": "shutdown-computevm-web01",
            "type": "String"
        },
        "schedules_shutdown_computevm_sql01_name": {
            "defaultValue": "shutdown-computevm-sql01",
            "type": "String"
        },
        "schedules_shutdown_computevm_api01_name": {
            "defaultValue": "shutdown-computevm-api01",
            "type": "String"
        },
        "storageAccounts_3tierliftandshiftdiag411_name": {
            "defaultValue": "3tierliftandshiftdiag411",
            "type": "String"
        },
        "virtualNetworks_3TIER_LIFTANDSHIFT_NETWORK_name": {
            "defaultValue": "3TIER_LIFTANDSHIFT_NETWORK",
            "type": "String"
        },
        "securityRules_Port_80_name": {
            "defaultValue": "Port_80",
            "type": "String"
        },
        "securityRules_default_allow_rdp_name": {
            "defaultValue": "default-allow-rdp",
            "type": "String"
        },
        "securityRules_default_allow_rdp_name_1": {
            "defaultValue": "default-allow-rdp",
            "type": "String"
        },
        "securityRules_default_allow_rdp_name_2": {
            "defaultValue": "default-allow-rdp",
            "type": "String"
        },
        "subnets_3TIER_LIFTANDSHIFT_WEBAPP_SUBNET_name": {
            "defaultValue": "3TIER_LIFTANDSHIFT_WEBAPP_SUBNET",
            "type": "String"
        },
        "virtualMachines_API01_id": {
            "defaultValue": "/subscriptions/62d4377a-adc9-4c56-9d72-c02874602c54/resourceGroups/3TIER_LIFTANDSHIFT/providers/Microsoft.Compute/disks/API01_OsDisk_1_bc243395edfb439ca69bf4db11f1f785",
            "type": "String"
        },
        "virtualMachines_SQL01_id": {
            "defaultValue": "/subscriptions/62d4377a-adc9-4c56-9d72-c02874602c54/resourceGroups/3TIER_LIFTANDSHIFT/providers/Microsoft.Compute/disks/SQL01_OsDisk_1_22f2b09927654fbebcb542ad675b21dc",
            "type": "String"
        },
        "virtualMachines_SQL01_id_1": {
            "defaultValue": "/subscriptions/62d4377a-adc9-4c56-9d72-c02874602c54/resourceGroups/3TIER_LIFTANDSHIFT/providers/Microsoft.Compute/disks/SQL01_disk2_c434871defec4198bef0a67c5fd39d5f",
            "type": "String"
        },
        "virtualMachines_WEB01_id": {
            "defaultValue": "/subscriptions/62d4377a-adc9-4c56-9d72-c02874602c54/resourceGroups/3TIER_LIFTANDSHIFT/providers/Microsoft.Compute/disks/WEB01_OsDisk_1_156a99490ddc4f7ca7b4e4fcd930b17a",
            "type": "String"
        }
    },
    "variables": {},
    "resources": [
        {
            "comments": "Generalized from resource: '/subscriptions/62d4377a-adc9-4c56-9d72-c02874602c54/resourceGroups/3TIER_LIFTANDSHIFT/providers/Microsoft.Compute/virtualMachines/API01'.",
            "type": "Microsoft.Compute/virtualMachines",
            "name": "[parameters('virtualMachines_API01_name')]",
            "apiVersion": "2017-03-30",
            "location": "southeastasia",
            "scale": null,
            "properties": {
                "hardwareProfile": {
                    "vmSize": "Basic_A1"
                },
                "storageProfile": {
                    "imageReference": {
                        "publisher": "MicrosoftWindowsServer",
                        "offer": "WindowsServer",
                        "sku": "2016-Datacenter",
                        "version": "latest"
                    },
                    "osDisk": {
                        "osType": "Windows",
                        "name": "[concat(parameters('virtualMachines_API01_name'),'_OsDisk_1_bc243395edfb439ca69bf4db11f1f785')]",
                        "createOption": "FromImage",
                        "caching": "ReadWrite",
                        "managedDisk": {
                            "storageAccountType": "Standard_LRS",
                            "id": "[parameters('virtualMachines_API01_id')]"
                        },
                        "diskSizeGB": 128
                    },
                    "dataDisks": []
                },
                "osProfile": {
                    "computerName": "[parameters('virtualMachines_API01_name')]",
                    "adminUsername": "johndelizo",
                    "windowsConfiguration": {
                        "provisionVMAgent": true,
                        "enableAutomaticUpdates": true
                    },
                    "secrets": []
                },
                "networkProfile": {
                    "networkInterfaces": [
                        {
                            "id": "[resourceId('Microsoft.Network/networkInterfaces', parameters('networkInterfaces_api01402_name'))]"
                        }
                    ]
                },
                "diagnosticsProfile": {
                    "bootDiagnostics": {
                        "enabled": true,
                        "storageUri": "[concat('https', '://', parameters('storageAccounts_3tierliftandshiftdiag411_name'), '.blob.core.windows.net', '/')]"
                    }
                }
            },
            "dependsOn": [
                "[resourceId('Microsoft.Network/networkInterfaces', parameters('networkInterfaces_api01402_name'))]",
                "[resourceId('Microsoft.Storage/storageAccounts', parameters('storageAccounts_3tierliftandshiftdiag411_name'))]"
            ]
        },
        {
            "comments": "Generalized from resource: '/subscriptions/62d4377a-adc9-4c56-9d72-c02874602c54/resourceGroups/3TIER_LIFTANDSHIFT/providers/Microsoft.Compute/virtualMachines/SQL01'.",
            "type": "Microsoft.Compute/virtualMachines",
            "name": "[parameters('virtualMachines_SQL01_name')]",
            "apiVersion": "2017-03-30",
            "location": "southeastasia",
            "scale": null,
            "properties": {
                "hardwareProfile": {
                    "vmSize": "Basic_A2"
                },
                "storageProfile": {
                    "imageReference": {
                        "publisher": "MicrosoftSQLServer",
                        "offer": "SQL2016SP1-WS2016",
                        "sku": "SQLDEV",
                        "version": "latest"
                    },
                    "osDisk": {
                        "osType": "Windows",
                        "name": "[concat(parameters('virtualMachines_SQL01_name'),'_OsDisk_1_22f2b09927654fbebcb542ad675b21dc')]",
                        "createOption": "FromImage",
                        "caching": "ReadWrite",
                        "managedDisk": {
                            "storageAccountType": "Standard_LRS",
                            "id": "[parameters('virtualMachines_SQL01_id')]"
                        },
                        "diskSizeGB": 128
                    },
                    "dataDisks": [
                        {
                            "lun": 0,
                            "name": "[concat(parameters('virtualMachines_SQL01_name'),'_disk2_c434871defec4198bef0a67c5fd39d5f')]",
                            "createOption": "Empty",
                            "caching": "ReadOnly",
                            "managedDisk": {
                                "storageAccountType": "Standard_LRS",
                                "id": "[parameters('virtualMachines_SQL01_id_1')]"
                            },
                            "diskSizeGB": 1023
                        }
                    ]
                },
                "osProfile": {
                    "computerName": "[parameters('virtualMachines_SQL01_name')]",
                    "adminUsername": "johndelizo",
                    "windowsConfiguration": {
                        "provisionVMAgent": true,
                        "enableAutomaticUpdates": true
                    },
                    "secrets": []
                },
                "networkProfile": {
                    "networkInterfaces": [
                        {
                            "id": "[resourceId('Microsoft.Network/networkInterfaces', parameters('networkInterfaces_sql01679_name'))]"
                        }
                    ]
                },
                "diagnosticsProfile": {
                    "bootDiagnostics": {
                        "enabled": true,
                        "storageUri": "[concat('https', '://', parameters('storageAccounts_3tierliftandshiftdiag411_name'), '.blob.core.windows.net', '/')]"
                    }
                }
            },
            "dependsOn": [
                "[resourceId('Microsoft.Network/networkInterfaces', parameters('networkInterfaces_sql01679_name'))]",
                "[resourceId('Microsoft.Storage/storageAccounts', parameters('storageAccounts_3tierliftandshiftdiag411_name'))]"
            ]
        },
        {
            "comments": "Generalized from resource: '/subscriptions/62d4377a-adc9-4c56-9d72-c02874602c54/resourceGroups/3TIER_LIFTANDSHIFT/providers/Microsoft.Compute/virtualMachines/WEB01'.",
            "type": "Microsoft.Compute/virtualMachines",
            "name": "[parameters('virtualMachines_WEB01_name')]",
            "apiVersion": "2017-03-30",
            "location": "southeastasia",
            "scale": null,
            "properties": {
                "hardwareProfile": {
                    "vmSize": "Basic_A1"
                },
                "storageProfile": {
                    "imageReference": {
                        "publisher": "MicrosoftWindowsServer",
                        "offer": "WindowsServer",
                        "sku": "2016-Datacenter",
                        "version": "latest"
                    },
                    "osDisk": {
                        "osType": "Windows",
                        "name": "[concat(parameters('virtualMachines_WEB01_name'),'_OsDisk_1_156a99490ddc4f7ca7b4e4fcd930b17a')]",
                        "createOption": "FromImage",
                        "caching": "ReadWrite",
                        "managedDisk": {
                            "storageAccountType": "Standard_LRS",
                            "id": "[parameters('virtualMachines_WEB01_id')]"
                        },
                        "diskSizeGB": 128
                    },
                    "dataDisks": []
                },
                "osProfile": {
                    "computerName": "[parameters('virtualMachines_WEB01_name')]",
                    "adminUsername": "johndelizo",
                    "windowsConfiguration": {
                        "provisionVMAgent": true,
                        "enableAutomaticUpdates": true
                    },
                    "secrets": []
                },
                "networkProfile": {
                    "networkInterfaces": [
                        {
                            "id": "[resourceId('Microsoft.Network/networkInterfaces', parameters('networkInterfaces_web01858_name'))]"
                        }
                    ]
                },
                "diagnosticsProfile": {
                    "bootDiagnostics": {
                        "enabled": true,
                        "storageUri": "[concat('https', '://', parameters('storageAccounts_3tierliftandshiftdiag411_name'), '.blob.core.windows.net', '/')]"
                    }
                }
            },
            "dependsOn": [
                "[resourceId('Microsoft.Network/networkInterfaces', parameters('networkInterfaces_web01858_name'))]",
                "[resourceId('Microsoft.Storage/storageAccounts', parameters('storageAccounts_3tierliftandshiftdiag411_name'))]"
            ]
        },
        {
            "comments": "Generalized from resource: '/subscriptions/62d4377a-adc9-4c56-9d72-c02874602c54/resourcegroups/3tier_liftandshift/providers/microsoft.devtestlab/schedules/shutdown-computevm-web01'.",
            "type": "microsoft.devtestlab/schedules",
            "name": "[parameters('schedules_shutdown_computevm_web01_name')]",
            "apiVersion": "2016-05-15",
            "location": "southeastasia",
            "scale": null,
            "properties": {
                "status": "Enabled",
                "taskType": "ComputeVmShutdownTask",
                "dailyRecurrence": {
                    "time": "1900"
                },
                "timeZoneId": "UTC",
                "notificationSettings": {
                    "status": "Disabled",
                    "timeInMinutes": 30
                },
                "targetResourceId": "[resourceId('Microsoft.Compute/virtualMachines', parameters('virtualMachines_WEB01_name'))]",
                "provisioningState": "Succeeded",
                "uniqueIdentifier": "891434f5-dc21-4b4c-8047-68821bcb6add"
            },
            "dependsOn": [
                "[resourceId('Microsoft.Compute/virtualMachines', parameters('virtualMachines_WEB01_name'))]"
            ]
        },
        {
            "comments": "Generalized from resource: '/subscriptions/62d4377a-adc9-4c56-9d72-c02874602c54/resourcegroups/3tier_liftandshift/providers/microsoft.devtestlab/schedules/shutdown-computevm-sql01'.",
            "type": "microsoft.devtestlab/schedules",
            "name": "[parameters('schedules_shutdown_computevm_sql01_name')]",
            "apiVersion": "2016-05-15",
            "location": "southeastasia",
            "scale": null,
            "properties": {
                "status": "Enabled",
                "taskType": "ComputeVmShutdownTask",
                "dailyRecurrence": {
                    "time": "1900"
                },
                "timeZoneId": "UTC",
                "notificationSettings": {
                    "status": "Disabled",
                    "timeInMinutes": 30
                },
                "targetResourceId": "[resourceId('Microsoft.Compute/virtualMachines', parameters('virtualMachines_SQL01_name'))]",
                "provisioningState": "Succeeded",
                "uniqueIdentifier": "65722eb8-a25b-4316-999b-6fcf64b14513"
            },
            "dependsOn": [
                "[resourceId('Microsoft.Compute/virtualMachines', parameters('virtualMachines_SQL01_name'))]"
            ]
        },
        {
            "comments": "Generalized from resource: '/subscriptions/62d4377a-adc9-4c56-9d72-c02874602c54/resourcegroups/3tier_liftandshift/providers/microsoft.devtestlab/schedules/shutdown-computevm-api01'.",
            "type": "microsoft.devtestlab/schedules",
            "name": "[parameters('schedules_shutdown_computevm_api01_name')]",
            "apiVersion": "2016-05-15",
            "location": "southeastasia",
            "scale": null,
            "properties": {
                "status": "Enabled",
                "taskType": "ComputeVmShutdownTask",
                "dailyRecurrence": {
                    "time": "1900"
                },
                "timeZoneId": "UTC",
                "notificationSettings": {
                    "status": "Disabled",
                    "timeInMinutes": 30
                },
                "targetResourceId": "[resourceId('Microsoft.Compute/virtualMachines', parameters('virtualMachines_API01_name'))]",
                "provisioningState": "Succeeded",
                "uniqueIdentifier": "08c95354-40c9-4f97-aea5-e6f02099157b"
            },
            "dependsOn": [
                "[resourceId('Microsoft.Compute/virtualMachines', parameters('virtualMachines_API01_name'))]"
            ]
        },
        {
            "comments": "Generalized from resource: '/subscriptions/62d4377a-adc9-4c56-9d72-c02874602c54/resourceGroups/3TIER_LIFTANDSHIFT/providers/Microsoft.Network/networkInterfaces/api01402'.",
            "type": "Microsoft.Network/networkInterfaces",
            "name": "[parameters('networkInterfaces_api01402_name')]",
            "apiVersion": "2017-10-01",
            "location": "southeastasia",
            "scale": null,
            "properties": {
                "provisioningState": "Succeeded",
                "resourceGuid": "79ee278c-ae48-4fb8-ac2d-abeba7339da2",
                "ipConfigurations": [
                    {
                        "name": "ipconfig1",
                        "etag": "W/\"e84fcc73-4604-4b4a-bb88-aaba478ed181\"",
                        "properties": {
                            "provisioningState": "Succeeded",
                            "privateIPAddress": "192.168.0.6",
                            "privateIPAllocationMethod": "Dynamic",
                            "subnet": {
                                "id": "[resourceId('Microsoft.Network/virtualNetworks/subnets', parameters('virtualNetworks_3TIER_LIFTANDSHIFT_NETWORK_name'), parameters('subnets_3TIER_LIFTANDSHIFT_WEBAPP_SUBNET_name'))]"
                            },
                            "primary": true,
                            "privateIPAddressVersion": "IPv4"
                        }
                    }
                ],
                "dnsSettings": {
                    "dnsServers": [],
                    "appliedDnsServers": [],
                    "internalDomainNameSuffix": "pfm5qt31w52e3fyzr1pbvjxhpd.ix.internal.cloudapp.net"
                },
                "macAddress": "00-0D-3A-A3-8A-EA",
                "enableAcceleratedNetworking": false,
                "enableIPForwarding": false,
                "networkSecurityGroup": {
                    "id": "[resourceId('Microsoft.Network/networkSecurityGroups', parameters('networkSecurityGroups_API01_nsg_name'))]"
                },
                "primary": true,
                "virtualMachine": {
                    "id": "[resourceId('Microsoft.Compute/virtualMachines', parameters('virtualMachines_API01_name'))]"
                }
            },
            "dependsOn": [
                "[resourceId('Microsoft.Network/virtualNetworks/subnets', parameters('virtualNetworks_3TIER_LIFTANDSHIFT_NETWORK_name'), parameters('subnets_3TIER_LIFTANDSHIFT_WEBAPP_SUBNET_name'))]",
                "[resourceId('Microsoft.Network/networkSecurityGroups', parameters('networkSecurityGroups_API01_nsg_name'))]",
                "[resourceId('Microsoft.Compute/virtualMachines', parameters('virtualMachines_API01_name'))]"
            ]
        },
        {
            "comments": "Generalized from resource: '/subscriptions/62d4377a-adc9-4c56-9d72-c02874602c54/resourceGroups/3TIER_LIFTANDSHIFT/providers/Microsoft.Network/networkInterfaces/sql01679'.",
            "type": "Microsoft.Network/networkInterfaces",
            "name": "[parameters('networkInterfaces_sql01679_name')]",
            "apiVersion": "2017-10-01",
            "location": "southeastasia",
            "scale": null,
            "properties": {
                "provisioningState": "Succeeded",
                "resourceGuid": "479adc88-339f-4007-9b7d-619128b31aa7",
                "ipConfigurations": [
                    {
                        "name": "ipconfig1",
                        "etag": "W/\"2aa453af-8ec9-471e-aee3-7b6417186267\"",
                        "properties": {
                            "provisioningState": "Succeeded",
                            "privateIPAddress": "192.168.0.5",
                            "privateIPAllocationMethod": "Dynamic",
                            "subnet": {
                                "id": "[resourceId('Microsoft.Network/virtualNetworks/subnets', parameters('virtualNetworks_3TIER_LIFTANDSHIFT_NETWORK_name'), parameters('subnets_3TIER_LIFTANDSHIFT_WEBAPP_SUBNET_name'))]"
                            },
                            "primary": true,
                            "privateIPAddressVersion": "IPv4"
                        }
                    }
                ],
                "dnsSettings": {
                    "dnsServers": [],
                    "appliedDnsServers": [],
                    "internalDomainNameSuffix": "pfm5qt31w52e3fyzr1pbvjxhpd.ix.internal.cloudapp.net"
                },
                "macAddress": "00-0D-3A-A2-71-FE",
                "enableAcceleratedNetworking": false,
                "enableIPForwarding": false,
                "networkSecurityGroup": {
                    "id": "[resourceId('Microsoft.Network/networkSecurityGroups', parameters('networkSecurityGroups_SQL01_nsg_name'))]"
                },
                "primary": true,
                "virtualMachine": {
                    "id": "[resourceId('Microsoft.Compute/virtualMachines', parameters('virtualMachines_SQL01_name'))]"
                }
            },
            "dependsOn": [
                "[resourceId('Microsoft.Network/virtualNetworks/subnets', parameters('virtualNetworks_3TIER_LIFTANDSHIFT_NETWORK_name'), parameters('subnets_3TIER_LIFTANDSHIFT_WEBAPP_SUBNET_name'))]",
                "[resourceId('Microsoft.Network/networkSecurityGroups', parameters('networkSecurityGroups_SQL01_nsg_name'))]",
                "[resourceId('Microsoft.Compute/virtualMachines', parameters('virtualMachines_SQL01_name'))]"
            ]
        },
        {
            "comments": "Generalized from resource: '/subscriptions/62d4377a-adc9-4c56-9d72-c02874602c54/resourceGroups/3TIER_LIFTANDSHIFT/providers/Microsoft.Network/networkInterfaces/web01858'.",
            "type": "Microsoft.Network/networkInterfaces",
            "name": "[parameters('networkInterfaces_web01858_name')]",
            "apiVersion": "2017-10-01",
            "location": "southeastasia",
            "scale": null,
            "properties": {
                "provisioningState": "Succeeded",
                "resourceGuid": "f6a33d3a-1ffd-44d0-ae59-c88a3b60a86f",
                "ipConfigurations": [
                    {
                        "name": "ipconfig1",
                        "etag": "W/\"bf3b88ff-371b-409e-aedb-a8452a6bcc54\"",
                        "properties": {
                            "provisioningState": "Succeeded",
                            "privateIPAddress": "192.168.0.4",
                            "privateIPAllocationMethod": "Dynamic",
                            "publicIPAddress": {
                                "id": "[resourceId('Microsoft.Network/publicIPAddresses', parameters('publicIPAddresses_WEB01_ip_name'))]"
                            },
                            "subnet": {
                                "id": "[resourceId('Microsoft.Network/virtualNetworks/subnets', parameters('virtualNetworks_3TIER_LIFTANDSHIFT_NETWORK_name'), parameters('subnets_3TIER_LIFTANDSHIFT_WEBAPP_SUBNET_name'))]"
                            },
                            "primary": true,
                            "privateIPAddressVersion": "IPv4"
                        }
                    }
                ],
                "dnsSettings": {
                    "dnsServers": [],
                    "appliedDnsServers": [],
                    "internalDomainNameSuffix": "pfm5qt31w52e3fyzr1pbvjxhpd.ix.internal.cloudapp.net"
                },
                "macAddress": "00-0D-3A-A3-B5-70",
                "enableAcceleratedNetworking": false,
                "enableIPForwarding": false,
                "networkSecurityGroup": {
                    "id": "[resourceId('Microsoft.Network/networkSecurityGroups', parameters('networkSecurityGroups_WEB01_nsg_name'))]"
                },
                "primary": true,
                "virtualMachine": {
                    "id": "[resourceId('Microsoft.Compute/virtualMachines', parameters('virtualMachines_WEB01_name'))]"
                }
            },
            "dependsOn": [
                "[resourceId('Microsoft.Network/publicIPAddresses', parameters('publicIPAddresses_WEB01_ip_name'))]",
                "[resourceId('Microsoft.Network/virtualNetworks/subnets', parameters('virtualNetworks_3TIER_LIFTANDSHIFT_NETWORK_name'), parameters('subnets_3TIER_LIFTANDSHIFT_WEBAPP_SUBNET_name'))]",
                "[resourceId('Microsoft.Network/networkSecurityGroups', parameters('networkSecurityGroups_WEB01_nsg_name'))]",
                "[resourceId('Microsoft.Compute/virtualMachines', parameters('virtualMachines_WEB01_name'))]"
            ]
        },
        {
            "comments": "Generalized from resource: '/subscriptions/62d4377a-adc9-4c56-9d72-c02874602c54/resourceGroups/3TIER_LIFTANDSHIFT/providers/Microsoft.Network/networkSecurityGroups/API01-nsg'.",
            "type": "Microsoft.Network/networkSecurityGroups",
            "name": "[parameters('networkSecurityGroups_API01_nsg_name')]",
            "apiVersion": "2017-10-01",
            "location": "southeastasia",
            "scale": null,
            "properties": {
                "provisioningState": "Succeeded",
                "resourceGuid": "c8028e83-9cba-4fa7-9fd4-effeeb55491a",
                "securityRules": [
                    {
                        "name": "default-allow-rdp",
                        "etag": "W/\"f9b41663-3dae-4bff-bf29-06ec3cadb3a3\"",
                        "properties": {
                            "provisioningState": "Succeeded",
                            "protocol": "TCP",
                            "sourcePortRange": "*",
                            "destinationPortRange": "3389",
                            "sourceAddressPrefix": "*",
                            "destinationAddressPrefix": "*",
                            "access": "Allow",
                            "priority": 1000,
                            "direction": "Inbound",
                            "sourcePortRanges": [],
                            "destinationPortRanges": [],
                            "sourceAddressPrefixes": [],
                            "destinationAddressPrefixes": []
                        }
                    }
                ],
                "defaultSecurityRules": [
                    {
                        "name": "AllowVnetInBound",
                        "etag": "W/\"f9b41663-3dae-4bff-bf29-06ec3cadb3a3\"",
                        "properties": {
                            "provisioningState": "Succeeded",
                            "description": "Allow inbound traffic from all VMs in VNET",
                            "protocol": "*",
                            "sourcePortRange": "*",
                            "destinationPortRange": "*",
                            "sourceAddressPrefix": "VirtualNetwork",
                            "destinationAddressPrefix": "VirtualNetwork",
                            "access": "Allow",
                            "priority": 65000,
                            "direction": "Inbound",
                            "sourcePortRanges": [],
                            "destinationPortRanges": [],
                            "sourceAddressPrefixes": [],
                            "destinationAddressPrefixes": []
                        }
                    },
                    {
                        "name": "AllowAzureLoadBalancerInBound",
                        "etag": "W/\"f9b41663-3dae-4bff-bf29-06ec3cadb3a3\"",
                        "properties": {
                            "provisioningState": "Succeeded",
                            "description": "Allow inbound traffic from azure load balancer",
                            "protocol": "*",
                            "sourcePortRange": "*",
                            "destinationPortRange": "*",
                            "sourceAddressPrefix": "AzureLoadBalancer",
                            "destinationAddressPrefix": "*",
                            "access": "Allow",
                            "priority": 65001,
                            "direction": "Inbound",
                            "sourcePortRanges": [],
                            "destinationPortRanges": [],
                            "sourceAddressPrefixes": [],
                            "destinationAddressPrefixes": []
                        }
                    },
                    {
                        "name": "DenyAllInBound",
                        "etag": "W/\"f9b41663-3dae-4bff-bf29-06ec3cadb3a3\"",
                        "properties": {
                            "provisioningState": "Succeeded",
                            "description": "Deny all inbound traffic",
                            "protocol": "*",
                            "sourcePortRange": "*",
                            "destinationPortRange": "*",
                            "sourceAddressPrefix": "*",
                            "destinationAddressPrefix": "*",
                            "access": "Deny",
                            "priority": 65500,
                            "direction": "Inbound",
                            "sourcePortRanges": [],
                            "destinationPortRanges": [],
                            "sourceAddressPrefixes": [],
                            "destinationAddressPrefixes": []
                        }
                    },
                    {
                        "name": "AllowVnetOutBound",
                        "etag": "W/\"f9b41663-3dae-4bff-bf29-06ec3cadb3a3\"",
                        "properties": {
                            "provisioningState": "Succeeded",
                            "description": "Allow outbound traffic from all VMs to all VMs in VNET",
                            "protocol": "*",
                            "sourcePortRange": "*",
                            "destinationPortRange": "*",
                            "sourceAddressPrefix": "VirtualNetwork",
                            "destinationAddressPrefix": "VirtualNetwork",
                            "access": "Allow",
                            "priority": 65000,
                            "direction": "Outbound",
                            "sourcePortRanges": [],
                            "destinationPortRanges": [],
                            "sourceAddressPrefixes": [],
                            "destinationAddressPrefixes": []
                        }
                    },
                    {
                        "name": "AllowInternetOutBound",
                        "etag": "W/\"f9b41663-3dae-4bff-bf29-06ec3cadb3a3\"",
                        "properties": {
                            "provisioningState": "Succeeded",
                            "description": "Allow outbound traffic from all VMs to Internet",
                            "protocol": "*",
                            "sourcePortRange": "*",
                            "destinationPortRange": "*",
                            "sourceAddressPrefix": "*",
                            "destinationAddressPrefix": "Internet",
                            "access": "Allow",
                            "priority": 65001,
                            "direction": "Outbound",
                            "sourcePortRanges": [],
                            "destinationPortRanges": [],
                            "sourceAddressPrefixes": [],
                            "destinationAddressPrefixes": []
                        }
                    },
                    {
                        "name": "DenyAllOutBound",
                        "etag": "W/\"f9b41663-3dae-4bff-bf29-06ec3cadb3a3\"",
                        "properties": {
                            "provisioningState": "Succeeded",
                            "description": "Deny all outbound traffic",
                            "protocol": "*",
                            "sourcePortRange": "*",
                            "destinationPortRange": "*",
                            "sourceAddressPrefix": "*",
                            "destinationAddressPrefix": "*",
                            "access": "Deny",
                            "priority": 65500,
                            "direction": "Outbound",
                            "sourcePortRanges": [],
                            "destinationPortRanges": [],
                            "sourceAddressPrefixes": [],
                            "destinationAddressPrefixes": []
                        }
                    }
                ]
            },
            "dependsOn": []
        },
        {
            "comments": "Generalized from resource: '/subscriptions/62d4377a-adc9-4c56-9d72-c02874602c54/resourceGroups/3TIER_LIFTANDSHIFT/providers/Microsoft.Network/networkSecurityGroups/SQL01-nsg'.",
            "type": "Microsoft.Network/networkSecurityGroups",
            "name": "[parameters('networkSecurityGroups_SQL01_nsg_name')]",
            "apiVersion": "2017-10-01",
            "location": "southeastasia",
            "scale": null,
            "properties": {
                "provisioningState": "Succeeded",
                "resourceGuid": "af146179-61ff-47d8-9838-241bfa613bf0",
                "securityRules": [
                    {
                        "name": "default-allow-rdp",
                        "etag": "W/\"f95e09c8-b5f3-4eb0-97b0-2bfbfe33e872\"",
                        "properties": {
                            "provisioningState": "Succeeded",
                            "protocol": "TCP",
                            "sourcePortRange": "*",
                            "destinationPortRange": "3389",
                            "sourceAddressPrefix": "*",
                            "destinationAddressPrefix": "*",
                            "access": "Allow",
                            "priority": 1000,
                            "direction": "Inbound",
                            "sourcePortRanges": [],
                            "destinationPortRanges": [],
                            "sourceAddressPrefixes": [],
                            "destinationAddressPrefixes": []
                        }
                    }
                ],
                "defaultSecurityRules": [
                    {
                        "name": "AllowVnetInBound",
                        "etag": "W/\"f95e09c8-b5f3-4eb0-97b0-2bfbfe33e872\"",
                        "properties": {
                            "provisioningState": "Succeeded",
                            "description": "Allow inbound traffic from all VMs in VNET",
                            "protocol": "*",
                            "sourcePortRange": "*",
                            "destinationPortRange": "*",
                            "sourceAddressPrefix": "VirtualNetwork",
                            "destinationAddressPrefix": "VirtualNetwork",
                            "access": "Allow",
                            "priority": 65000,
                            "direction": "Inbound",
                            "sourcePortRanges": [],
                            "destinationPortRanges": [],
                            "sourceAddressPrefixes": [],
                            "destinationAddressPrefixes": []
                        }
                    },
                    {
                        "name": "AllowAzureLoadBalancerInBound",
                        "etag": "W/\"f95e09c8-b5f3-4eb0-97b0-2bfbfe33e872\"",
                        "properties": {
                            "provisioningState": "Succeeded",
                            "description": "Allow inbound traffic from azure load balancer",
                            "protocol": "*",
                            "sourcePortRange": "*",
                            "destinationPortRange": "*",
                            "sourceAddressPrefix": "AzureLoadBalancer",
                            "destinationAddressPrefix": "*",
                            "access": "Allow",
                            "priority": 65001,
                            "direction": "Inbound",
                            "sourcePortRanges": [],
                            "destinationPortRanges": [],
                            "sourceAddressPrefixes": [],
                            "destinationAddressPrefixes": []
                        }
                    },
                    {
                        "name": "DenyAllInBound",
                        "etag": "W/\"f95e09c8-b5f3-4eb0-97b0-2bfbfe33e872\"",
                        "properties": {
                            "provisioningState": "Succeeded",
                            "description": "Deny all inbound traffic",
                            "protocol": "*",
                            "sourcePortRange": "*",
                            "destinationPortRange": "*",
                            "sourceAddressPrefix": "*",
                            "destinationAddressPrefix": "*",
                            "access": "Deny",
                            "priority": 65500,
                            "direction": "Inbound",
                            "sourcePortRanges": [],
                            "destinationPortRanges": [],
                            "sourceAddressPrefixes": [],
                            "destinationAddressPrefixes": []
                        }
                    },
                    {
                        "name": "AllowVnetOutBound",
                        "etag": "W/\"f95e09c8-b5f3-4eb0-97b0-2bfbfe33e872\"",
                        "properties": {
                            "provisioningState": "Succeeded",
                            "description": "Allow outbound traffic from all VMs to all VMs in VNET",
                            "protocol": "*",
                            "sourcePortRange": "*",
                            "destinationPortRange": "*",
                            "sourceAddressPrefix": "VirtualNetwork",
                            "destinationAddressPrefix": "VirtualNetwork",
                            "access": "Allow",
                            "priority": 65000,
                            "direction": "Outbound",
                            "sourcePortRanges": [],
                            "destinationPortRanges": [],
                            "sourceAddressPrefixes": [],
                            "destinationAddressPrefixes": []
                        }
                    },
                    {
                        "name": "AllowInternetOutBound",
                        "etag": "W/\"f95e09c8-b5f3-4eb0-97b0-2bfbfe33e872\"",
                        "properties": {
                            "provisioningState": "Succeeded",
                            "description": "Allow outbound traffic from all VMs to Internet",
                            "protocol": "*",
                            "sourcePortRange": "*",
                            "destinationPortRange": "*",
                            "sourceAddressPrefix": "*",
                            "destinationAddressPrefix": "Internet",
                            "access": "Allow",
                            "priority": 65001,
                            "direction": "Outbound",
                            "sourcePortRanges": [],
                            "destinationPortRanges": [],
                            "sourceAddressPrefixes": [],
                            "destinationAddressPrefixes": []
                        }
                    },
                    {
                        "name": "DenyAllOutBound",
                        "etag": "W/\"f95e09c8-b5f3-4eb0-97b0-2bfbfe33e872\"",
                        "properties": {
                            "provisioningState": "Succeeded",
                            "description": "Deny all outbound traffic",
                            "protocol": "*",
                            "sourcePortRange": "*",
                            "destinationPortRange": "*",
                            "sourceAddressPrefix": "*",
                            "destinationAddressPrefix": "*",
                            "access": "Deny",
                            "priority": 65500,
                            "direction": "Outbound",
                            "sourcePortRanges": [],
                            "destinationPortRanges": [],
                            "sourceAddressPrefixes": [],
                            "destinationAddressPrefixes": []
                        }
                    }
                ]
            },
            "dependsOn": []
        },
        {
            "comments": "Generalized from resource: '/subscriptions/62d4377a-adc9-4c56-9d72-c02874602c54/resourceGroups/3TIER_LIFTANDSHIFT/providers/Microsoft.Network/networkSecurityGroups/WEB01-nsg'.",
            "type": "Microsoft.Network/networkSecurityGroups",
            "name": "[parameters('networkSecurityGroups_WEB01_nsg_name')]",
            "apiVersion": "2017-10-01",
            "location": "southeastasia",
            "scale": null,
            "properties": {
                "provisioningState": "Succeeded",
                "resourceGuid": "054c831c-69c0-4d84-8011-58a00d1465e0",
                "securityRules": [
                    {
                        "name": "default-allow-rdp",
                        "etag": "W/\"5315920b-66dc-4f34-a412-f0af716ff68f\"",
                        "properties": {
                            "provisioningState": "Succeeded",
                            "protocol": "TCP",
                            "sourcePortRange": "*",
                            "destinationPortRange": "3389",
                            "sourceAddressPrefix": "*",
                            "destinationAddressPrefix": "*",
                            "access": "Allow",
                            "priority": 1000,
                            "direction": "Inbound",
                            "sourcePortRanges": [],
                            "destinationPortRanges": [],
                            "sourceAddressPrefixes": [],
                            "destinationAddressPrefixes": []
                        }
                    },
                    {
                        "name": "Port_80",
                        "etag": "W/\"5315920b-66dc-4f34-a412-f0af716ff68f\"",
                        "properties": {
                            "provisioningState": "Succeeded",
                            "protocol": "*",
                            "sourcePortRange": "*",
                            "destinationPortRange": "80",
                            "sourceAddressPrefix": "*",
                            "destinationAddressPrefix": "192.168.0.4",
                            "access": "Allow",
                            "priority": 100,
                            "direction": "Inbound",
                            "sourcePortRanges": [],
                            "destinationPortRanges": [],
                            "sourceAddressPrefixes": [],
                            "destinationAddressPrefixes": []
                        }
                    }
                ],
                "defaultSecurityRules": [
                    {
                        "name": "AllowVnetInBound",
                        "etag": "W/\"5315920b-66dc-4f34-a412-f0af716ff68f\"",
                        "properties": {
                            "provisioningState": "Succeeded",
                            "description": "Allow inbound traffic from all VMs in VNET",
                            "protocol": "*",
                            "sourcePortRange": "*",
                            "destinationPortRange": "*",
                            "sourceAddressPrefix": "VirtualNetwork",
                            "destinationAddressPrefix": "VirtualNetwork",
                            "access": "Allow",
                            "priority": 65000,
                            "direction": "Inbound",
                            "sourcePortRanges": [],
                            "destinationPortRanges": [],
                            "sourceAddressPrefixes": [],
                            "destinationAddressPrefixes": []
                        }
                    },
                    {
                        "name": "AllowAzureLoadBalancerInBound",
                        "etag": "W/\"5315920b-66dc-4f34-a412-f0af716ff68f\"",
                        "properties": {
                            "provisioningState": "Succeeded",
                            "description": "Allow inbound traffic from azure load balancer",
                            "protocol": "*",
                            "sourcePortRange": "*",
                            "destinationPortRange": "*",
                            "sourceAddressPrefix": "AzureLoadBalancer",
                            "destinationAddressPrefix": "*",
                            "access": "Allow",
                            "priority": 65001,
                            "direction": "Inbound",
                            "sourcePortRanges": [],
                            "destinationPortRanges": [],
                            "sourceAddressPrefixes": [],
                            "destinationAddressPrefixes": []
                        }
                    },
                    {
                        "name": "DenyAllInBound",
                        "etag": "W/\"5315920b-66dc-4f34-a412-f0af716ff68f\"",
                        "properties": {
                            "provisioningState": "Succeeded",
                            "description": "Deny all inbound traffic",
                            "protocol": "*",
                            "sourcePortRange": "*",
                            "destinationPortRange": "*",
                            "sourceAddressPrefix": "*",
                            "destinationAddressPrefix": "*",
                            "access": "Deny",
                            "priority": 65500,
                            "direction": "Inbound",
                            "sourcePortRanges": [],
                            "destinationPortRanges": [],
                            "sourceAddressPrefixes": [],
                            "destinationAddressPrefixes": []
                        }
                    },
                    {
                        "name": "AllowVnetOutBound",
                        "etag": "W/\"5315920b-66dc-4f34-a412-f0af716ff68f\"",
                        "properties": {
                            "provisioningState": "Succeeded",
                            "description": "Allow outbound traffic from all VMs to all VMs in VNET",
                            "protocol": "*",
                            "sourcePortRange": "*",
                            "destinationPortRange": "*",
                            "sourceAddressPrefix": "VirtualNetwork",
                            "destinationAddressPrefix": "VirtualNetwork",
                            "access": "Allow",
                            "priority": 65000,
                            "direction": "Outbound",
                            "sourcePortRanges": [],
                            "destinationPortRanges": [],
                            "sourceAddressPrefixes": [],
                            "destinationAddressPrefixes": []
                        }
                    },
                    {
                        "name": "AllowInternetOutBound",
                        "etag": "W/\"5315920b-66dc-4f34-a412-f0af716ff68f\"",
                        "properties": {
                            "provisioningState": "Succeeded",
                            "description": "Allow outbound traffic from all VMs to Internet",
                            "protocol": "*",
                            "sourcePortRange": "*",
                            "destinationPortRange": "*",
                            "sourceAddressPrefix": "*",
                            "destinationAddressPrefix": "Internet",
                            "access": "Allow",
                            "priority": 65001,
                            "direction": "Outbound",
                            "sourcePortRanges": [],
                            "destinationPortRanges": [],
                            "sourceAddressPrefixes": [],
                            "destinationAddressPrefixes": []
                        }
                    },
                    {
                        "name": "DenyAllOutBound",
                        "etag": "W/\"5315920b-66dc-4f34-a412-f0af716ff68f\"",
                        "properties": {
                            "provisioningState": "Succeeded",
                            "description": "Deny all outbound traffic",
                            "protocol": "*",
                            "sourcePortRange": "*",
                            "destinationPortRange": "*",
                            "sourceAddressPrefix": "*",
                            "destinationAddressPrefix": "*",
                            "access": "Deny",
                            "priority": 65500,
                            "direction": "Outbound",
                            "sourcePortRanges": [],
                            "destinationPortRanges": [],
                            "sourceAddressPrefixes": [],
                            "destinationAddressPrefixes": []
                        }
                    }
                ]
            },
            "dependsOn": []
        },
        {
            "comments": "Generalized from resource: '/subscriptions/62d4377a-adc9-4c56-9d72-c02874602c54/resourceGroups/3TIER_LIFTANDSHIFT/providers/Microsoft.Network/publicIPAddresses/WEB01-ip'.",
            "type": "Microsoft.Network/publicIPAddresses",
            "sku": {
                "name": "Basic"
            },
            "name": "[parameters('publicIPAddresses_WEB01_ip_name')]",
            "apiVersion": "2017-10-01",
            "location": "southeastasia",
            "scale": null,
            "properties": {
                "provisioningState": "Succeeded",
                "resourceGuid": "cb6f25d1-d04d-4cc3-b54d-708ea11fb838",
                "ipAddress": "52.230.83.55",
                "publicIPAddressVersion": "IPv4",
                "publicIPAllocationMethod": "Dynamic",
                "idleTimeoutInMinutes": 4
            },
            "dependsOn": []
        },
        {
            "comments": "Generalized from resource: '/subscriptions/62d4377a-adc9-4c56-9d72-c02874602c54/resourceGroups/3TIER_LIFTANDSHIFT/providers/Microsoft.Network/virtualNetworks/3TIER_LIFTANDSHIFT_NETWORK'.",
            "type": "Microsoft.Network/virtualNetworks",
            "name": "[parameters('virtualNetworks_3TIER_LIFTANDSHIFT_NETWORK_name')]",
            "apiVersion": "2017-10-01",
            "location": "southeastasia",
            "scale": null,
            "properties": {
                "provisioningState": "Succeeded",
                "resourceGuid": "4ff85979-b7bb-4ef8-9719-8ede1aa6e77b",
                "addressSpace": {
                    "addressPrefixes": [
                        "192.168.0.0/16"
                    ]
                },
                "subnets": [
                    {
                        "name": "3TIER_LIFTANDSHIFT_WEBAPP_SUBNET",
                        "etag": "W/\"edaf82f7-d536-46a8-a42b-c7627bfda14f\"",
                        "properties": {
                            "provisioningState": "Succeeded",
                            "addressPrefix": "192.168.0.0/24"
                        }
                    }
                ],
                "virtualNetworkPeerings": [],
                "enableDdosProtection": false,
                "enableVmProtection": false
            },
            "dependsOn": []
        },
        {
            "comments": "Generalized from resource: '/subscriptions/62d4377a-adc9-4c56-9d72-c02874602c54/resourceGroups/3TIER_LIFTANDSHIFT/providers/Microsoft.Storage/storageAccounts/3tierliftandshiftdiag411'.",
            "type": "Microsoft.Storage/storageAccounts",
            "sku": {
                "name": "Standard_LRS",
                "tier": "Standard"
            },
            "kind": "Storage",
            "name": "[parameters('storageAccounts_3tierliftandshiftdiag411_name')]",
            "apiVersion": "2017-10-01",
            "location": "southeastasia",
            "tags": {},
            "scale": null,
            "properties": {
                "networkAcls": {
                    "bypass": "AzureServices",
                    "virtualNetworkRules": [],
                    "ipRules": [],
                    "defaultAction": "Allow"
                },
                "supportsHttpsTrafficOnly": false,
                "encryption": {
                    "services": {
                        "file": {
                            "enabled": true
                        },
                        "blob": {
                            "enabled": true
                        }
                    },
                    "keySource": "Microsoft.Storage"
                }
            },
            "dependsOn": []
        },
        {
            "comments": "Generalized from resource: '/subscriptions/62d4377a-adc9-4c56-9d72-c02874602c54/resourceGroups/3TIER_LIFTANDSHIFT/providers/Microsoft.Network/networkSecurityGroups/API01-nsg/securityRules/default-allow-rdp'.",
            "type": "Microsoft.Network/networkSecurityGroups/securityRules",
            "name": "[concat(parameters('networkSecurityGroups_API01_nsg_name'), '/', parameters('securityRules_default_allow_rdp_name'))]",
            "apiVersion": "2017-10-01",
            "scale": null,
            "properties": {
                "provisioningState": "Succeeded",
                "protocol": "TCP",
                "sourcePortRange": "*",
                "destinationPortRange": "3389",
                "sourceAddressPrefix": "*",
                "destinationAddressPrefix": "*",
                "access": "Allow",
                "priority": 1000,
                "direction": "Inbound",
                "sourcePortRanges": [],
                "destinationPortRanges": [],
                "sourceAddressPrefixes": [],
                "destinationAddressPrefixes": []
            },
            "dependsOn": [
                "[resourceId('Microsoft.Network/networkSecurityGroups', parameters('networkSecurityGroups_API01_nsg_name'))]"
            ]
        },
        {
            "comments": "Generalized from resource: '/subscriptions/62d4377a-adc9-4c56-9d72-c02874602c54/resourceGroups/3TIER_LIFTANDSHIFT/providers/Microsoft.Network/networkSecurityGroups/SQL01-nsg/securityRules/default-allow-rdp'.",
            "type": "Microsoft.Network/networkSecurityGroups/securityRules",
            "name": "[concat(parameters('networkSecurityGroups_SQL01_nsg_name'), '/', parameters('securityRules_default_allow_rdp_name_1'))]",
            "apiVersion": "2017-10-01",
            "scale": null,
            "properties": {
                "provisioningState": "Succeeded",
                "protocol": "TCP",
                "sourcePortRange": "*",
                "destinationPortRange": "3389",
                "sourceAddressPrefix": "*",
                "destinationAddressPrefix": "*",
                "access": "Allow",
                "priority": 1000,
                "direction": "Inbound",
                "sourcePortRanges": [],
                "destinationPortRanges": [],
                "sourceAddressPrefixes": [],
                "destinationAddressPrefixes": []
            },
            "dependsOn": [
                "[resourceId('Microsoft.Network/networkSecurityGroups', parameters('networkSecurityGroups_SQL01_nsg_name'))]"
            ]
        },
        {
            "comments": "Generalized from resource: '/subscriptions/62d4377a-adc9-4c56-9d72-c02874602c54/resourceGroups/3TIER_LIFTANDSHIFT/providers/Microsoft.Network/networkSecurityGroups/WEB01-nsg/securityRules/default-allow-rdp'.",
            "type": "Microsoft.Network/networkSecurityGroups/securityRules",
            "name": "[concat(parameters('networkSecurityGroups_WEB01_nsg_name'), '/', parameters('securityRules_default_allow_rdp_name_2'))]",
            "apiVersion": "2017-10-01",
            "scale": null,
            "properties": {
                "provisioningState": "Succeeded",
                "protocol": "TCP",
                "sourcePortRange": "*",
                "destinationPortRange": "3389",
                "sourceAddressPrefix": "*",
                "destinationAddressPrefix": "*",
                "access": "Allow",
                "priority": 1000,
                "direction": "Inbound",
                "sourcePortRanges": [],
                "destinationPortRanges": [],
                "sourceAddressPrefixes": [],
                "destinationAddressPrefixes": []
            },
            "dependsOn": [
                "[resourceId('Microsoft.Network/networkSecurityGroups', parameters('networkSecurityGroups_WEB01_nsg_name'))]"
            ]
        },
        {
            "comments": "Generalized from resource: '/subscriptions/62d4377a-adc9-4c56-9d72-c02874602c54/resourceGroups/3TIER_LIFTANDSHIFT/providers/Microsoft.Network/networkSecurityGroups/WEB01-nsg/securityRules/Port_80'.",
            "type": "Microsoft.Network/networkSecurityGroups/securityRules",
            "name": "[concat(parameters('networkSecurityGroups_WEB01_nsg_name'), '/', parameters('securityRules_Port_80_name'))]",
            "apiVersion": "2017-10-01",
            "scale": null,
            "properties": {
                "provisioningState": "Succeeded",
                "protocol": "*",
                "sourcePortRange": "*",
                "destinationPortRange": "80",
                "sourceAddressPrefix": "*",
                "destinationAddressPrefix": "192.168.0.4",
                "access": "Allow",
                "priority": 100,
                "direction": "Inbound",
                "sourcePortRanges": [],
                "destinationPortRanges": [],
                "sourceAddressPrefixes": [],
                "destinationAddressPrefixes": []
            },
            "dependsOn": [
                "[resourceId('Microsoft.Network/networkSecurityGroups', parameters('networkSecurityGroups_WEB01_nsg_name'))]"
            ]
        },
        {
            "comments": "Generalized from resource: '/subscriptions/62d4377a-adc9-4c56-9d72-c02874602c54/resourceGroups/3TIER_LIFTANDSHIFT/providers/Microsoft.Network/virtualNetworks/3TIER_LIFTANDSHIFT_NETWORK/subnets/3TIER_LIFTANDSHIFT_WEBAPP_SUBNET'.",
            "type": "Microsoft.Network/virtualNetworks/subnets",
            "name": "[concat(parameters('virtualNetworks_3TIER_LIFTANDSHIFT_NETWORK_name'), '/', parameters('subnets_3TIER_LIFTANDSHIFT_WEBAPP_SUBNET_name'))]",
            "apiVersion": "2017-10-01",
            "scale": null,
            "properties": {
                "provisioningState": "Succeeded",
                "addressPrefix": "192.168.0.0/24"
            },
            "dependsOn": [
                "[resourceId('Microsoft.Network/virtualNetworks', parameters('virtualNetworks_3TIER_LIFTANDSHIFT_NETWORK_name'))]"
            ]
        }
    ]
}